{
  "overall": 143.43406715287395,
  "normal_workday_cny_window": 289.30124918619794,
  "normal_workday_non_cny": 101.1180578161169,
  "statutory_holiday": 389.42796107700894,
  "delay": 2.0
}