{
  "overall": 132.73246312867903,
  "normal_workday_cny_window": 304.41416422526044,
  "normal_workday_non_cny": 71.03990003797743,
  "statutory_holiday": 538.4410400390625,
  "delay": 2.0
}