{
  "overall_mean": 4525.5798898071625,
  "overall_std": 411.2093264513094,
  "dow_mean": {
    "0": 4535.314285714286,
    "1": 4414.695238095238,
    "2": 4406.514563106796,
    "3": 4394.1067961165045,
    "4": 4664.9514563106795,
    "5": 4611.271844660194,
    "6": 4652.932692307692
  },
  "dow_std": {
    "0": 398.49264818731695,
    "1": 440.10425171878563,
    "2": 448.92791386219267,
    "3": 475.6838815320931,
    "4": 359.90634344476325,
    "5": 297.0685599277451,
    "6": 328.2469844558085
  },
  "month_mean": {
    "0": 4732.822580645161,
    "1": 4774.298245614035,
    "2": 4346.903225806452,
    "3": 4489.9,
    "4": 4467.967741935484,
    "5": 4474.933333333333,
    "6": 4526.822580645161,
    "7": 4677.140350877193,
    "8": 4511.15,
    "9": 4524.693548387097,
    "10": 4412.9,
    "11": 4392.822580645161
  },
  "month_std": {
    "0": 568.2186004016512,
    "1": 657.3723929650388,
    "2": 223.1521358336695,
    "3": 391.54356425800705,
    "4": 424.4209157151152,
    "5": 349.9327715901559,
    "6": 125.72041896227829,
    "7": 130.99665189239585,
    "8": 485.7039212859439,
    "9": 438.375076648464,
    "10": 241.70977834823404,
    "11": 303.2044445905447
  },
  "holiday_type_mean": {
    "0": 4406.172199170124,
    "1": 4592.8265895953755,
    "2": 4586.2,
    "3": 5545.466666666666,
    "4": 4985.0,
    "5": 5403.4,
    "6": 5263.5,
    "7": 5775.5,
    "8": 5233.214285714285,
    "9": 4648.6
  },
  "holiday_type_std": {
    "0": 317.5286806089977,
    "1": 206.70522767784084,
    "2": 502.8366533975026,
    "3": 751.4373718477967,
    "4": 472.36779455561253,
    "5": 451.0169250334921,
    "6": 573.3396317483498,
    "7": 418.6012422341816,
    "8": 391.0083962449732,
    "9": 556.8006568140624
  },
  "cny_offset_mean": {
    "-25": 4261.0,
    "-24": 4145.0,
    "-23": 4298.0,
    "-22": 4462.0,
    "-21": 4218.5,
    "-20": 4258.5,
    "-19": 4270.0,
    "-18": 4245.0,
    "-17": 4323.5,
    "-16": 4478.5,
    "-15": 4747.5,
    "-14": 4732.0,
    "-13": 4820.5,
    "-12": 4832.0,
    "-11": 5024.0,
    "-10": 4991.0,
    "-9": 4992.5,
    "-8": 4945.5,
    "-7": 4918.5,
    "-6": 4987.5,
    "-5": 5394.0,
    "-4": 5576.0,
    "-3": 5854.5,
    "-2": 5806.0,
    "-1": 4464.5,
    "0": 4266.0,
    "1": 5515.0,
    "2": 5698.0,
    "3": 5851.5,
    "4": 5939.0,
    "5": 6311.0,
    "6": 5813.5,
    "7": 5815.5,
    "8": 5402.5,
    "9": 5081.0,
    "10": 4606.5,
    "11": 4340.0,
    "12": 4264.0,
    "13": 4482.0,
    "14": 4776.5,
    "15": 5283.5
  }
}